station,pinyin,telecode
北京北,beijingbei,VAP
北京东,beijingdong,BOP
北京,beijing,BJP
北京南,beijingnan,VNP
北京西,beijingxi,BXP
广州南,guangzhounan,IZQ
重庆北,chongqingbei,CUW
重庆,chongqing,CQW
重庆南,chongqingnan,CRW
广州东,guangzhoudong,GGQ
上海,shanghai,SHH
上海南,shanghainan,SNH
上海虹桥,shanghaihongqiao,AOH
上海西,shanghaixi,SXH
天津北,tianjinbei,TBP
天津,tianjin,TJP
天津南,tianjinnan,TIP
天津西,tianjinxi,TXP
长春,changchun,CCT
长春南,changchunnan,CET
长春西,changchunxi,CRT
成都东,chengdudong,ICW
成都南,chengdunan,CNW
成都,chengdu,CDW
长沙,changsha,CSQ
长沙南,changshanan,CWQ
福州,fuzhou,FZS
福州南,fuzhounan,FYS
贵阳,guiyang,GIW
广州,guangzhou,GZQ
广州西,guangzhouxi,GXQ
哈尔滨,haerbin,HBB
哈尔滨东,haerbindong,VBB
哈尔滨西,haerbinxi,VAB
合肥,hefei,HFH
合肥西,hefeixi,HTH
呼和浩特东,huhehaotedong,NDC
呼和浩特,huhehaote,HHC
海  口东,haikoudong,KEQ
海口东,haikoudong,HMQ
海口,haikou,VUQ
杭州东,hangzhoudong,HGH
杭州,hangzhou,HZH
杭州南,hangzhounan,XHH
济南,jinan,JNK
济南东,jinandong,JAK
济南西,jinanxi,JGK
昆明,kunming,KMM
昆明西,kunmingxi,KXM
拉萨,lasa,LSO
兰州东,lanzhoudong,LVJ
兰州,lanzhou,LZJ
兰州西,lanzhouxi,LAJ
南昌,nanchang,NCG
南京,nanjing,NJH
南京南,nanjingnan,NKH
南宁,nanning,NNZ
石家庄北,shijiazhuangbei,VVP
石家庄,shijiazhuang,SJP
沈阳,shenyang,SYT
沈阳北,shenyangbei,SBT
沈阳东,shenyangdong,SDT
太原北,taiyuanbei,TBV
太原东,taiyuandong,TDV
太原,taiyuan,TYV
武汉,wuhan,WHN
王家营西,wangjiayingxi,KNM
乌鲁木齐南,wulumuqinan,WMR
西安北,xianbei,EAY
西安,xian,XAY
西安南,xiannan,CAY
西宁,xining,XNO
银川,yinchuan,YIJ
郑州,zhengzhou,ZZF
阿尔山,aershan,ART
安康,ankang,AKY
阿克苏,akesu,ASR
阿里河,alihe,AHX
阿拉山口,alashankou,AKR
安平,anping,APT
安庆,anqing,AQH
安顺,anshun,ASW
鞍山,anshan,AST
安阳,anyang,AYF
北安,beian,BAB
蚌埠,bengbu,BBH
白城,baicheng,BCT
北海,beihai,BHZ
白河,baihe,BEL
白涧,baijian,BAP
宝鸡,baoji,BJY
滨江,binjiang,BJB
博克图,boketu,BKX
百色,baise,BIZ
白山市,baishanshi,HJL
北台,beitai,BTT
包头东,baotoudong,BDC
包头,baotou,BTC
北屯市,beitunshi,BXR
本溪,benxi,BXT
白云鄂博,baiyunebo,BEC
白银西,baiyinxi,BXJ
亳州,bozhou,BZH
赤壁,chibi,CBN
常德,changde,VGQ
承德,chengde,CDP
长甸,changdian,CDT
赤峰,chifeng,CFD
茶陵,chaling,CDG
苍南,cangnan,CEH
昌平,changping,CPP
崇仁,chongren,CRG
昌图,changtu,CTT
长汀镇,changtingzhen,CDB
曹县,caoxian,CXK
楚雄,chuxiong,COM
陈相屯,chenxiangtun,CXT
长治北,changzhibei,CBF
池州,chizhou,IYH
长征,changzheng,CZJ
常州,changzhou,CZH
郴州,chenzhou,CZQ
长治,changzhi,CZF
沧州,cangzhou,COP
崇左,chongzuo,CZZ
大安北,daanbei,RNT
大成,dacheng,DCT
丹东,dandong,DUT
东方红,dongfanghong,DFB
东莞东,dongguandong,DMQ
大虎山,dahushan,DHD
敦煌,dunhuang,DHJ
敦化,dunhua,DHL
德惠,dehui,DHT
东京城,dongjingcheng,DJB
大涧,dajian,DFP
都江堰,dujiangyan,DDW
大连北,dalianbei,DFT
大理,dali,DKM
大连,dalian,DLT
定南,dingnan,DNG
大庆,daqing,DZX
东胜,dongsheng,DOC
大石桥,dashiqiao,DQT
大同,datong,DTV
东营,dongying,DPK
大杨树,dayangshu,DUX
都匀,duyun,RYW
邓州,dengzhou,DOF
达州,dazhou,RXW
德州,dezhou,DZP
额济纳,ejina,EJC
二连,erlian,RLC
恩施,enshi,ESN
福鼎,fuding,FES
凤凰机场,fenghuangjichang,FJQ
风陵渡,fenglingdu,FLV
涪陵,fuling,FLW
富拉尔基,fulaerji,FRX
抚顺北,fushunbei,FET
佛山,foshan,FSQ
阜新,fuxin,FXD
阜阳,fuyang,FYH
格尔木,geermu,GRO
广汉,guanghan,GHW
古交,gujiao,GJV
桂林北,guilinbei,GBZ
古莲,gulian,GRX
桂林,guilin,GLZ
固始,gushi,GXN
广水,guangshui,GSN
干塘,gantang,GNJ
广元,guangyuan,GYW
广州北,guangzhoubei,GBQ
赣州,ganzhou,GZG
公主岭,gongzhuling,GLT
公主岭南,gongzhulingnan,GBT
淮安,huaian,AUH
鹤北,hebei,HMB
淮北,huaibei,HRH
淮滨,huaibin,HVN
河边,hebian,HBV
潢川,huangchuan,KCN
韩城,hancheng,HCY
邯郸,handan,HDP
横道河子,hengdaohezi,HDB
鹤岗,hegang,HGB
皇姑屯,huanggutun,HTT
红果,hongguo,HEM
黑河,heihe,HJB
怀化,huaihua,HHQ
汉口,hankou,HKN
葫芦岛,huludao,HLD
海拉尔,hailaer,HRX
霍林郭勒,huolinguole,HWD
海伦,hailun,HLB
侯马,houma,HMV
哈密,hami,HMR
淮南,huainan,HAH
桦南,huanan,HNB
海宁西,hainingxi,EUH
鹤庆,heqing,HQM
怀柔北,huairoubei,HBP
怀柔,huairou,HRP
黄石东,huangshidong,OSN
华山,huashan,HSY
黄石,huangshi,HSN
黄山,huangshan,HKH
衡水,hengshui,HSP
衡阳,hengyang,HYQ
菏泽,heze,HIK
贺州,hezhou,HXZ
汉中,hanzhong,HOY
惠州,huizhou,HCQ
吉安,jian,VAG
集安,jian,JAL
江边村,jiangbiancun,JBG
晋城,jincheng,JCF
金城江,jinchengjiang,JJZ
景德镇,jingdezhen,JCG
嘉峰,jiafeng,JFF
加格达奇,jiagedaqi,JGX
井冈山,jinggangshan,JGG
蛟河,jiaohe,JHL
金华南,jinhuanan,RNH
金华,jinhua,JBH
九江,jiujiang,JJG
吉林,jilin,JLL
荆门,jingmen,JMN
佳木斯,jiamusi,JMB
济宁,jining,JIK
集宁南,jiningnan,JAC
酒泉,jiuquan,JQJ
江山,jiangshan,JUH
吉首,jishou,JIQ
九台,jiutai,JTL
镜铁山,jingtieshan,JVJ
鸡西,jixi,JXB
蓟县,jixian,JKP
绩溪县,jixixian,JRH
嘉峪关,jiayuguan,JGJ
江油,jiangyou,JFW
锦州,jinzhou,JZD
金州,jinzhou,JZT
库尔勒,kuerle,KLR
开封,kaifeng,KFF
岢岚,kelan,KLV
凯里,kaili,KLW
喀什,kashi,KSR
昆山南,kunshannan,KNH
奎屯,kuitun,KTR
开原,kaiyuan,KYT
六安,luan,UAH
灵宝,lingbao,LBF
芦潮港,luchaogang,UCH
隆昌,longchang,LCW
陆川,luchuan,LKZ
利川,lichuan,LCN
临川,linchuan,LCG
潞城,lucheng,UTP
鹿道,ludao,LDL
娄底,loudi,LDQ
临汾,linfen,LFV
良各庄,lianggezhuang,LGP
临河,linhe,LHC
漯河,luohe,LON
绿化,lvhua,LWJ
隆化,longhua,UHP
丽江,lijiang,LHM
临江,linjiang,LQL
龙井,longjing,LJL
吕梁,lvliang,LHV
醴陵,liling,LLG
柳林南,liulinnan,LKV
滦平,luanping,UPP
六盘水,liupanshui,UMW
灵丘,lingqiu,LVV
旅顺,lvshun,LST
陇西,longxi,LXJ
澧县,lixian,LEQ
兰溪,lanxi,LWH
临西,linxi,UEP
龙岩,longyan,LYS
耒阳,leiyang,LYQ
洛阳,luoyang,LYF
洛阳东,luoyangdong,LDF
连云港东,lianyungangdong,UKH
临沂,linyi,LVK
洛阳龙门,luoyanglongmen,LLF
柳园,liuyuan,DHR
凌源,lingyuan,LYD
辽源,liaoyuan,LYL
立志,lizhi,LZX
柳州,liuzhou,LZZ
辽中,liaozhong,LZD
麻城,macheng,MCN
免渡河,mianduhe,MDX
牡丹江,mudanjiang,MDB
莫尔道嘎,moerdaoga,MRX
满归,mangui,MHX
明光,mingguang,MGH
漠河,mohe,MVX
茂名,maoming,MDQ
茂名西,maomingxi,MMZ
密山,mishan,MSB
马三家,masanjia,MJT
麻尾,mawei,VAW
绵阳,mianyang,MYW
梅州,meizhou,MOQ
满洲里,manzhouli,MLX
宁波东,ningbodong,NVH
宁波,ningbo,NGH
南岔,nancha,NCB
南充,nanchong,NCW
南丹,nandan,NDZ
南大庙,nandamiao,NMP
南芬,nanfen,NFT
讷河,nehe,NHX
嫩江,nenjiang,NGX
内江,neijiang,NJW
南平,nanping,NPS
南通,nantong,NUH
南阳,nanyang,NFF
碾子山,nianzishan,NZX
平顶山,pingdingshan,PEN
盘锦,panjin,PVD
平凉,pingliang,PIJ
平凉南,pingliangnan,POJ
平泉,pingquan,PQP
坪石,pingshi,PSQ
萍乡,pingxiang,PXG
凭祥,pingxiang,PXZ
郫县西,pixianxi,PCW
攀枝花,panzhihua,PRW
蕲春,qichun,QRN
青城山,qingchengshan,QSW
青岛,qingdao,QDK
清河城,qinghecheng,QYP
曲靖,qujing,QJM
黔江,qianjiang,QNW
前进镇,qianjinzhen,QEB
齐齐哈尔,qiqihaer,QHX
七台河,qitaihe,QTB
沁县,qinxian,QVV
泉州东,quanzhoudong,QRS
泉州,quanzhou,QYS
衢州,quzhou,QEH
融安,rongan,RAZ
汝箕沟,rujigou,RQJ
瑞金,ruijin,RJG
日照,rizhao,RZK
双城堡,shuangchengpu,SCB
绥芬河,suifenhe,SFB
韶关东,shaoguandong,SGQ
山海关,shanhaiguan,SHD
绥化,suihua,SHB
三间房,sanjianfang,SFX
苏家屯,sujiatun,SXT
舒兰,shulan,SLL
三明,sanming,SMS
神木,shenmu,OMY
三门峡,sanmenxia,SMF
商南,shangnan,ONY
遂宁,suining,NIW
四平,siping,SPT
商丘,shangqiu,SQF
上饶,shangrao,SRG
韶山,shaoshan,SSQ
宿松,susong,OAH
汕头,shantou,OTQ
邵武,shaowu,SWS
涉县,shexian,OEP
三亚,sanya,SEQ
三  亚,sanya,JUQ
邵阳,shaoyang,SYQ
十堰,shiyan,SNN
双鸭山,shuangyashan,SSB
松原,songyuan,VYT
深圳,shenzhen,SZQ
苏州,suzhou,SZH
随州,suizhou,SZN
宿州,suzhou,OXH
朔州,shuozhou,SUV
深圳西,shenzhenxi,OSQ
塘豹,tangbao,TBQ
塔尔气,taerqi,TVX
潼关,tongguan,TGY
塘沽,tanggu,TGP
塔河,tahe,TXX
通化,tonghua,THL
泰来,tailai,TLX
吐鲁番,tulufan,TFR
通辽,tongliao,TLD
铁岭,tieling,TLT
陶赖昭,taolaizhao,TPT
图们,tumen,TML
铜仁,tongren,RDQ
唐山北,tangshanbei,FUP
田师府,tianshifu,TFT
泰山,taishan,TAK
唐山,tangshan,TSP
天水,tianshui,TSJ
通远堡,tongyuanpu,TYT
太阳升,taiyangsheng,TQT
泰州,taizhou,UTH
桐梓,tongzi,TZW
通州西,tongzhouxi,TAP
五常,wuchang,WCB
武昌,wuchang,WCN
瓦房店,wafangdian,WDT
威海,weihai,WKK
芜湖,wuhu,WHH
乌海西,wuhaixi,WXC
吴家屯,wujiatun,WJT
武隆,wulong,WLW
乌兰浩特,wulanhaote,WWT
渭南,weinan,WNY
威舍,weishe,WSM
歪头山,waitoushan,WIT
武威,wuwei,WUJ
武威南,wuweinan,WWJ
无锡,wuxi,WXH
乌西,wuxi,WXR
乌伊岭,wuyiling,WPB
武夷山,wuyishan,WAS
万源,wanyuan,WYY
万州,wanzhou,WYW
梧州,wuzhou,WZZ
温州,wenzhou,RZH
温州南,wenzhounan,VRH
西昌,xichang,ECW
许昌,xuchang,XCF
西昌南,xichangnan,ENW
香坊,xiangfang,XFB
轩岗,xuangang,XGV
兴国,xingguo,EUG
宣汉,xuanhan,XHY
新会,xinhui,EFQ
新晃,xinhuang,XLQ
锡林浩特,xilinhaote,XTC
兴隆县,xinglongxian,EXP
厦门北,xiamenbei,XKS
厦门,xiamen,XMS
厦门高崎,xiamengaoqi,XBS
小市,xiaoshi,XST
秀山,xiushan,ETW
向塘,xiangtang,XTG
宣威,xuanwei,XWM
新乡,xinxiang,XXF
信阳,xinyang,XUN
咸阳,xianyang,XYY
襄阳,xiangyang,XFN
熊岳城,xiongyuecheng,XYT
兴义,xingyi,XRZ
新沂,xinyi,VIH
新余,xinyu,XUG
徐州,xuzhou,XCH
延安,yanan,YWY
宜宾,yibin,YBW
亚布力南,yabulinan,YWB
叶柏寿,yebaishou,YBD
宜昌东,yichangdong,HAN
永川,yongchuan,YCW
宜昌,yichang,YCN
盐城,yancheng,AFH
运城,yuncheng,YNV
伊春,yichun,YCB
榆次,yuci,YCV
杨村,yangcun,YBP
宜春西,yichunxi,YCG
伊尔施,yiershi,YET
燕岗,yangang,YGW
永济,yongji,YIV
延吉,yanji,YJL
营口,yingkou,YKT
牙克石,yakeshi,YKX
阎良,yanliang,YNY
玉林,yulin,YLZ
榆林,yulin,ALY
亚龙湾,yalongwan,TWQ
一面坡,yimianpo,YPB
伊宁,yining,YMR
阳平关,yangpingguan,YAY
玉屏,yuping,YZW
原平,yuanping,YPV
延庆,yanqing,YNP
阳泉曲,yangquanqu,YYV
玉泉,yuquan,YQB
阳泉,yangquan,AQP
营山,yingshan,NUW
玉山,yushan,YNG
燕山,yanshan,AOP
榆树,yushu,YRT
鹰潭,yingtan,YTG
烟台,yantai,YAK
伊图里河,yitulihe,YEX
玉田县,yutianxian,ATP
义乌,yiwu,YWH
阳新,yangxin,YON
义县,yixian,YXD
益阳,yiyang,AEQ
岳阳,yueyang,YYQ
崖州,yazhou,YUQ
永州,yongzhou,AOQ
扬州,yangzhou,YLH
淄博,zibo,ZBK
镇城底,zhenchengdi,ZDV
自贡,zigong,ZGW
珠海,zhuhai,ZHQ
珠海北,zhuhaibei,ZIQ
湛江,zhanjiang,ZJZ
镇江,zhenjiang,ZJH
张家界,zhangjiajie,DIQ
张家口,zhangjiakou,ZKP
张家口南,zhangjiakounan,ZMP
周口,zhoukou,ZKN
哲里木,zhelimu,ZLC
扎兰屯,zhalantun,ZTX
驻马店,zhumadian,ZDN
肇庆,zhaoqing,ZVQ
周水子,zhoushuizi,ZIT
昭通,zhaotong,ZDW
中卫,zhongwei,ZWJ
资阳,ziyang,ZYW
遵义,zunyi,ZIW
枣庄,zaozhuang,ZEK
资中,zizhong,ZZW
株洲,zhuzhou,ZZQ
枣庄西,zaozhuangxi,ZFK
昂昂溪,angangxi,AAX
阿城,acheng,ACB
安达,anda,ADX
安德,ande,ARW
安定,anding,ADP
安广,anguang,AGT
艾河,aihe,AHP
安化,anhua,PKQ
艾家村,aijiacun,AJJ
鳌江,aojiang,ARH
安家,anjia,AJB
阿金,ajin,AJD
阿克陶,aketao,AER
安口窑,ankouyao,AYY
敖力布告,aolibugao,ALD
安龙,anlong,AUZ
阿龙山,alongshan,ASX
安陆,anlu,ALN
阿木尔,amuer,JTX
阿南庄,ananzhuang,AZM
安庆西,anqingxi,APH
鞍山西,anshanxi,AXT
安塘,antang,ATV
安亭北,antingbei,ASH
阿图什,atushi,ATR
安图,antu,ATL
安溪,anxi,AXS
博鳌,boao,BWQ
北碚,beibei,BPW
白壁关,baibiguan,BGV
蚌埠南,bengbunan,BMH
巴楚,bachu,BCR
板城,bancheng,BUP
北戴河,beidaihe,BEP
保定,baoding,BDP
宝坻,baodi,BPP
八达岭,badaling,ILP
巴东,badong,BNN
柏果,baiguo,BGM
布海,buhai,BUT
白河东,baihedong,BIY
贲红,benhong,BVC
宝华山,baohuashan,BWH
白河县,baihexian,BEY
白芨沟,baijigou,BJJ
碧鸡关,bijiguan,BJM
北滘,beijiao,IBQ
碧江,bijiang,BLQ
白鸡坡,baijipo,BBM
笔架山,bijiashan,BSB
八角台,bajiaotai,BTD
保康,baokang,BKD
白奎堡,baikuipu,BKB
白狼,bailang,BAT
百浪,bailang,BRZ
博乐,bole,BOR
宝拉格,baolage,BQC
巴林,balin,BLX
宝林,baolin,BNB
北流,beiliu,BOZ
勃利,boli,BLB
布列开,buliekai,BLR
宝龙山,baolongshan,BND
百里峡,bailixia,AAP
八面城,bamiancheng,BMD
班猫箐,banmaoqing,BNM
八面通,bamiantong,BMB
北马圈子,beimaquanzi,BRP
北票南,beipiaonan,RPD
白旗,baiqi,BQP
宝泉岭,baoquanling,BQB
白泉,baiquan,BQL
巴山,bashan,BAY
白沙,baisha,BSW
白水江,baishuijiang,BSY
白沙坡,baishapo,BPM
白石山,baishishan,BAL
白水镇,baishuizhen,BUM
包头 东,baotoudong,FDC
坂田,bantian,BTQ
泊头,botou,BZP
北屯,beitun,BYP
本溪湖,benxihu,BHT
博兴,boxing,BXK
八仙筒,baxiantong,VXD
白音察干,baiyinchagan,BYC
背荫河,beiyinhe,BYB
北营,beiying,BIV
巴彦高勒,bayangaole,BAC
白音他拉,baiyintala,BID
鲅鱼圈,bayuquan,BYT
白银市,baiyinshi,BNJ
白音胡硕,baiyinhushuo,BCD
巴中,bazhong,IEW
霸州,bazhou,RMP
北宅,beizhai,BVP
赤壁北,chibibei,CIN
查布嘎,chabuga,CBC
长城,changcheng,CEJ
长冲,changchong,CCM
承德东,chengdedong,CCP
赤峰西,chifengxi,CID
嵯岗,cuogang,CAX
柴岗,chaigang,CGT
长葛,changge,CEF
柴沟堡,chaigoupu,CGV
城固,chenggu,CGY
陈官营,chenguanying,CAJ
成高子,chenggaozi,CZB
草海,caohai,WBW
柴河,chaihe,CHB
册亨,ceheng,CHZ
草河口,caohekou,CKT
崔黄口,cuihuangkou,CHP
巢湖,chaohu,CIH
蔡家沟,caijiagou,CJT
成吉思汗,chengjisihan,CJX
岔江,chajiang,CAM
蔡家坡,caijiapo,CJY
昌乐,changle,CLK
超梁沟,chaolianggou,CYP
慈利,cili,CUQ
昌黎,changli,CLP
长岭子,changlingzi,CLT
晨明,chenming,CMB
长农,changnong,CNJ
昌平北,changpingbei,VBP
常平,changping,DAQ
长坡岭,changpoling,CPM
辰清,chenqing,CQB
蔡山,caishan,CON
楚山,chushan,CSB
长寿,changshou,EFW
磁山,cishan,CSP
苍石,cangshi,CST
草市,caoshi,CSL
察素齐,chasuqi,CSC
长山屯,changshantun,CVT
长汀,changting,CES
昌图西,changtuxi,CPT
春湾,chunwan,CQQ
磁县,cixian,CIP
岑溪,cenxi,CNZ
辰溪,chenxi,CXQ
磁西,cixi,CRP
长兴南,changxingnan,CFH
磁窑,ciyao,CYK
朝阳,chaoyang,CYD
春阳,chunyang,CAL
城阳,chengyang,CEK
创业村,chuangyecun,CEX
朝阳川,chaoyangchuan,CYL
朝阳地,chaoyangdi,CDD
长垣,changyuan,CYF
朝阳镇,chaoyangzhen,CZL
滁州北,chuzhoubei,CUH
常州北,changzhoubei,ESH
滁州,chuzhou,CXH
潮州,chaozhou,CKQ
常庄,changzhuang,CVK
曹子里,caozili,CFP
车转湾,chezhuanwan,CWM
郴州西,chenzhouxi,ICQ
沧州西,cangzhouxi,CBP
德安,dean,DAG
大安,daan,RAT
大坝,daba,DBJ
大板,daban,DBC
大巴,daba,DBD
到保,daobao,RBT
定边,dingbian,DYJ
东边井,dongbianjing,DBB
德伯斯,debosi,RDT
打柴沟,dachaigou,DGJ
德昌,dechang,DVW
滴道,didao,DDB
大磴沟,dadenggou,DKJ
刀尔登,daoerdeng,DRD
得耳布尔,deerbuer,DRX
东方,dongfang,UFQ
丹凤,danfeng,DGY
东丰,dongfeng,DIL
都格,duge,DMM
大官屯,daguantun,DTT
大关,daguan,RGW
东光,dongguang,DGP
东海,donghai,DHB
大灰厂,dahuichang,DHP
大红旗,dahongqi,DQD
大禾塘,shaodong,SOQ
东海县,donghaixian,DQH
德惠西,dehuixi,DXT
达家沟,dajiagou,DJT
东津,dongjin,DKB
杜家,dujia,DJL
大口屯,dakoutun,DKP
东来,donglai,RVD
德令哈,delingha,DHO
大陆号,daluhao,DLC
带岭,dailing,DLB
大林,dalin,DLD
达拉特旗,dalateqi,DIC
独立屯,dulitun,DTX
豆罗,douluo,DLV
达拉特西,dalatexi,DNC
东明村,dongmingcun,DMD
洞庙河,dongmiaohe,DEP
东明县,dongmingxian,DNF
大拟,dani,DNZ
大平房,dapingfang,DPD
大盘石,dapanshi,RPP
大埔,dapu,DPI
大堡,dapu,DVT
大庆东,daqingdong,LFX
大其拉哈,daqilaha,DQX
道清,daoqing,DML
对青山,duiqingshan,DQB
德清西,deqingxi,MOH
大庆西,daqingxi,RHX
东升,dongsheng,DRQ
独山,dushan,RWW
砀山,dangshan,DKH
登沙河,dengshahe,DWT
读书铺,dushupu,DPM
大石头,dashitou,DSL
东胜西,dongshengxi,DYC
大石寨,dashizhai,RZT
东台,dongtai,DBH
定陶,dingtao,DQK
灯塔,dengta,DGT
大田边,datianbian,DBM
东通化,dongtonghua,DTL
丹徒,dantu,RUH
大屯,datun,DNT
东湾,dongwan,DRJ
大武口,dawukou,DFJ
低窝铺,diwopu,DWJ
大王滩,dawangtan,DZZ
大湾子,dawanzi,DFM
大兴沟,daxinggou,DXL
大兴,daxing,DXX
定西,dingxi,DSJ
甸心,dianxin,DXM
东乡,dongxiang,DXG
代县,daixian,DKV
定襄,dingxiang,DXV
东戌,dongxu,RXP
东辛庄,dongxinzhuang,DXD
德阳,deyang,DYW
丹阳,danyang,DYH
大雁,dayan,DYX
当阳,dangyang,DYN
丹阳北,danyangbei,EXH
大英东,dayingdong,IAW
东淤地,dongyudi,DBV
大营,daying,DYV
定远,dingyuan,EWH
岱岳,daiyue,RYV
大元,dayuan,DYZ
大营镇,dayingzhen,DJP
大营子,dayingzi,DZD
大战场,dazhanchang,DTJ
德州东,dezhoudong,DIP
低庄,dizhuang,DVQ
东镇,dongzhen,DNV
道州,daozhou,DFZ
东至,dongzhi,DCH
东庄,dongzhuang,DZV
兑镇,duizhen,DWV
豆庄,douzhuang,ROP
定州,dingzhou,DXP
大竹园,dazhuyuan,DZY
大杖子,dazhangzi,DAP
豆张庄,douzhangzhuang,RZP
峨边,ebian,EBW
二道沟门,erdaogoumen,RDP
二道湾,erdaowan,RDX
鄂尔多斯,eerduosi,EEC
二龙,erlong,RLD
二龙山屯,erlongshantun,ELA
峨眉,emei,EMW
二密河,ermihe,RML
二营,erying,RYJ
鄂州,ezhou,ECN
福安,fuan,FAS
丰城,fengcheng,FCG
丰城南,fengchengnan,FNG
肥东,feidong,FIH
发耳,faer,FEM
富海,fuhai,FHX
福海,fuhai,FHR
凤凰城,fenghuangcheng,FHT
汾河,fenhe,FEV
奉化,fenghua,FHH
富锦,fujin,FIB
范家屯,fanjiatun,FTT
福利区,fuliqu,FLJ
福利屯,fulitun,FTB
丰乐镇,fenglezhen,FZB
阜南,funan,FNH
阜宁,funing,AKH
抚宁,funing,FNP
福清,fuqing,FQS
福泉,fuquan,VMW
丰水村,fengshuicun,FSJ
丰顺,fengshun,FUQ
繁峙,fanshi,FSV
抚顺,fushun,FST
福山口,fushankou,FKP
扶绥,fusui,FSZ
冯屯,fengtun,FTX
浮图峪,futuyu,FYP
富县东,fuxiandong,FDY
凤县,fengxian,FXY
富县,fuxian,FEY
费县,feixian,FXK
凤阳,fengyang,FUH
汾阳,fenyang,FAV
扶余北,fuyubei,FBT
分宜,fenyi,FYG
富源,fuyuan,FYM
扶余,fuyu,FYT
富裕,fuyu,FYX
抚州北,fuzhoubei,FBG
凤州,fengzhou,FZY
丰镇,fengzhen,FZC
范镇,fanzhen,VZK
固安,guan,GFP
广安,guangan,VJW
高碑店,gaobeidian,GBP
沟帮子,goubangzi,GBD
甘草店,gancaodian,GDJ
谷城,gucheng,GCN
藁城,gaocheng,GEP
高村,gaocun,GCV
古城镇,guchengzhen,GZB
广德,guangde,GRH
贵定,guiding,GTW
贵定南,guidingnan,IDW
古东,gudong,GDV
贵港,guigang,GGZ
官高,guangao,GVP
葛根庙,gegenmiao,GGT
干沟,gangou,GGL
甘谷,gangu,GGJ
高各庄,gaogezhuang,GGP
甘河,ganhe,GAX
根河,genhe,GEX
郭家店,guojiadian,GDT
孤家子,gujiazi,GKT
古浪,gulang,GLJ
皋兰,gaolan,GEJ
高楼房,gaoloufang,GFM
归流河,guiliuhe,GHT
关林,guanlin,GLF
甘洛,ganluo,VOW
郭磊庄,guoleizhuang,GLP
高密,gaomi,GMK
公庙子,gongmiaozi,GMC
工农湖,gongnonghu,GRT
广宁寺南,guangningsinan,GNT
广南卫,guangnanwei,GNM
高平,gaoping,GPF
甘泉北,ganquanbei,GEY
共青城,gongqingcheng,GAG
甘旗卡,ganqika,GQD
甘泉,ganquan,GQY
高桥镇,gaoqiaozhen,GZD
灌水,guanshui,GST
赶水,ganshui,GSW
孤山口,gushankou,GSP
果松,guosong,GSL
高山子,gaoshanzi,GSD
嘎什甸子,gashidianzi,GXD
高台,gaotai,GTJ
高滩,gaotan,GAY
古田,gutian,GTS
官厅,guanting,GTP
官厅西,guantingxi,KEP
贵溪,guixi,GXG
涡阳,guoyang,GYH
巩义,gongyi,GXF
高邑,gaoyi,GIP
巩义南,gongyinan,GYF
广元南,guangyuannan,GAW
固原,guyuan,GUJ
菇园,guyuan,GYL
公营子,gongyingzi,GYD
光泽,guangze,GZS
古镇,guzhen,GNQ
虢镇,guozhen,GZY
瓜州,guazhou,GZJ
高州,gaozhou,GSQ
固镇,guzhen,GEH
盖州,gaizhou,GXT
官字井,guanzijing,GOT
革镇堡,gezhenpu,GZT
冠豸山,guanzhaishan,GSS
盖州西,gaizhouxi,GAT
红安,hongan,HWN
淮安南,huaiannan,AMH
红安西,honganxi,VXN
海安县,haianxian,HIH
黄柏,huangbai,HBL
海北,haibei,HEB
鹤壁,hebi,HAF
会昌北,huichangbei,XEG
华城,huacheng,VCQ
河唇,hechun,HCZ
汉川,hanchuan,HCN
海城,haicheng,HCT
合川,hechuan,WKW
黑冲滩,heichongtan,HCJ
黄村,huangcun,HCP
海城西,haichengxi,HXT
化德,huade,HGC
洪洞,hongtong,HDV
霍尔果斯,huoerguosi,HFR
横峰,hengfeng,HFG
韩府湾,hanfuwan,HXJ
汉沽,hangu,HGP
黄瓜园,huangguayuan,HYM
红光镇,hongguangzhen,IGW
浑河,hunhe,HHT
红花沟,honghuagou,VHD
黄花筒,huanghuatong,HUD
贺家店,hejiadian,HJJ
和静,hejing,HJR
红江,hongjiang,HFM
黑井,heijing,HIM
获嘉,huojia,HJF
河津,hejin,HJV
涵江,hanjiang,HJS
华家,huajia,HJT
杭锦后旗,hangjinhouqi,HDC
河间西,hejianxi,HXP
花家庄,huajiazhuang,HJM
河口南,hekounan,HKJ
黄口,huangkou,KOH
湖口,hukou,HKG
呼兰,hulan,HUB
葫芦岛北,huludaobei,HPD
浩良河,haolianghe,HHB
哈拉海,halahai,HIT
鹤立,heli,HOB
桦林,hualin,HIB
黄陵,huangling,ULY
海林,hailin,HRB
虎林,hulin,VLB
寒岭,hanling,HAT
和龙,helong,HLL
海龙,hailong,HIL
哈拉苏,halasu,HAX
呼鲁斯太,hulusitai,VTJ
火连寨,huolianzhai,HLT
黄梅,huangmei,VEH
韩麻营,hanmaying,HYP
黄泥河,huangnihe,HHL
海宁,haining,HNH
惠农,huinong,HMJ
和平,heping,VAQ
花棚子,huapengzi,HZM
花桥,huaqiao,VQH
宏庆,hongqing,HEY
怀仁,huairen,HRV
华容,huarong,HRN
华山北,huashanbei,HDY
黄松甸,huangsongdian,HDL
和什托洛盖,heshituoluogai,VSR
红山,hongshan,VSB
汉寿,hanshou,VSQ
衡山,hengshan,HSQ
黑水,heishui,HOT
惠山,huishan,VCH
虎什哈,hushiha,HHP
红寺堡,hongsipu,HSJ
虎石台,hushitai,HUT
海石湾,haishiwan,HSO
衡山西,hengshanxi,HEQ
红砂岘,hongshaxian,VSJ
黑台,heitai,HQB
桓台,huantai,VTK
和田,hetian,VTR
会同,huitong,VTQ
海坨子,haituozi,HZT
黑旺,heiwang,HWK
海湾,haiwan,RWH
红星,hongxing,VXB
徽县,huixian,HYY
红兴隆,hongxinglong,VHB
换新天,huanxintian,VTB
红岘台,hongxiantai,HTJ
红彦,hongyan,VIX
合阳,heyang,HAY
海阳,haiyang,HYK
衡阳东,hengyangdong,HVQ
华蓥,huaying,HUW
汉阴,hanyin,HQY
黄羊滩,huangyangtan,HGJ
汉源,hanyuan,WHW
河源,heyuan,VIQ
花园,huayuan,HUN
湟源,huangyuan,HNO
黄羊镇,huangyangzhen,HYJ
湖州,huzhou,VZH
化州,huazhou,HZZ
黄州,huangzhou,VON
霍州,huozhou,HZV
惠州西,huizhouxi,VXQ
巨宝,jubao,JRT
靖边,jingbian,JIY
金宝屯,jinbaotun,JBD
晋城北,jinchengbei,JEF
金昌,jinchang,JCJ
鄄城,juancheng,JCK
交城,jiaocheng,JNV
建昌,jianchang,JFD
峻德,junde,JDB
井店,jingdian,JFP
鸡东,jidong,JOB
江都,jiangdu,UDH
鸡冠山,jiguanshan,JST
金沟屯,jingoutun,VGP
静海,jinghai,JHP
金河,jinhe,JHX
锦河,jinhe,JHB
精河,jinghe,JHR
精河南,jinghenan,JIR
江华,jianghua,JHZ
建湖,jianhu,AJH
纪家沟,jijiagou,VJD
晋江,jinjiang,JJS
姜家,jiangjia,JJB
江津,jiangjin,JJW
金坑,jinkeng,JKT
芨岭,jiling,JLJ
金马村,jinmacun,JMM
江门,jiangmen,JWQ
角美,jiaomei,JES
莒南,junan,JOK
井南,jingnan,JNP
建瓯,jianou,JVS
经棚,jingpeng,JPC
江桥,jiangqiao,JQX
九三,jiusan,SSX
金山北,jinshanbei,EGH
京山,jingshan,JCN
建始,jianshi,JRN
嘉善,jiashan,JSH
稷山,jishan,JVV
吉舒,jishu,JSL
建设,jianshe,JET
甲山,jiashan,JOP
建三江,jiansanjiang,JIB
嘉善南,jiashannan,EAH
金山屯,jinshantun,JTB
江所田,jiangsuotian,JOM
景泰,jingtai,JTJ
九台南,jiutainan,JNL
吉文,jiwen,JWX
进贤,jinxian,JUG
莒县,juxian,JKK
嘉祥,jiaxiang,JUK
介休,jiexiu,JXV
嘉兴,jiaxing,JXH
井陉,jingxing,JJP
嘉兴南,jiaxingnan,EPH
夹心子,jiaxinzi,JXT
揭阳,jieyang,JRQ
建阳,jianyang,JYS
姜堰,jiangyan,UEH
简阳,jianyang,JYW
巨野,juye,JYK
江永,jiangyong,JYZ
靖远,jingyuan,JYJ
缙云,jinyun,JYH
江源,jiangyuan,SZL
济源,jiyuan,JYF
靖远西,jingyuanxi,JXJ
胶州北,jiaozhoubei,JZK
焦作东,jiaozuodong,WEF
靖州,jingzhou,JEQ
荆州,jingzhou,JBN
金寨,jinzhai,JZH
胶州,jiaozhou,JXK
晋州,jinzhou,JXP
锦州南,jinzhounan,JOD
焦作,jiaozuo,JOF
旧庄窝,jiuzhuangwo,JVP
金杖子,jinzhangzi,JYD
开安,kaian,KAT
库车,kuche,KCR
康城,kangcheng,KCP
库都尔,kuduer,KDX
宽甸,kuandian,KDT
克东,kedong,KOB
昆独仑召,kundulunzhao,KDC
开江,kaijiang,KAW
康金井,kangjinjing,KJB
喀喇其,kalaqi,KQX
开鲁,kailu,KLC
克拉玛依,kelamayi,KHR
口前,kouqian,KQL
奎山,kuishan,KAB
昆山,kunshan,KSH
克山,keshan,KSB
开通,kaitong,KTT
康熙岭,kangxiling,KXZ
昆阳,kunyang,KAM
克一河,keyihe,KHX
开原西,kaiyuanxi,KXT
康庄,kangzhuang,KZP
来宾,laibin,UBZ
老边,laobian,LLT
灵宝西,lingbaoxi,LPF
龙川,longchuan,LUQ
乐昌,lechang,LCQ
黎城,licheng,UCP
聊城,liaocheng,UCK
蓝村,lancun,LCK
两当,liangdang,LDY
林东,lindong,LRC
乐都,ledu,LDO
梁底下,liangdixia,LDP
六道河子,liudaohezi,LVP
鲁番,lufan,LVM
廊坊,langfang,LJP
落垡,luofa,LOP
廊坊北,langfangbei,LFP
老府,laofu,UFD
兰岗,langang,LNB
龙骨甸,longgudian,LGM
芦沟,lugou,LOM
龙沟,longgou,LGJ
拉古,lagu,LGB
临海,linhai,UFH
林海,linhai,LXX
拉哈,laha,LHX
凌海,linghai,JID
柳河,liuhe,LNL
六合,liuhe,KLH
龙华,longhua,LHP
滦河沿,luanheyan,UNP
六合镇,liuhezhen,LEX
亮甲店,liangjiadian,LRT
刘家店,liujiadian,UDT
刘家河,liujiahe,LVT
连江,lianjiang,LKS
李家,lijia,LJB
罗江,luojiang,LJW
廉江,lianjiang,LJZ
庐江,lujiang,UJH
两家,liangjia,UJT
龙江,longjiang,LJX
龙嘉,longjia,UJL
莲江口,lianjiangkou,LHB
蔺家楼,linjialou,ULK
李家坪,lijiaping,LIJ
兰考,lankao,LKF
林口,linkou,LKB
路口铺,lukoupu,LKQ
老莱,laolai,LAX
拉林,lalin,LAB
陆良,luliang,LRM
龙里,longli,LLW
临澧,linli,LWQ
兰棱,lanling,LLB
零陵,lingling,UWZ
卢龙,lulong,UAP
喇嘛甸,lamadian,LMX
里木店,limudian,LMB
洛门,luomen,LMJ
龙南,longnan,UNG
梁平,liangping,UQW
罗平,luoping,LPM
落坡岭,luopoling,LPP
六盘山,liupanshan,UPJ
乐平市,lepingshi,LPG
临清,linqing,UQK
龙泉寺,longquansi,UQJ
乐山北,leshanbei,UTW
乐善村,leshancun,LUM
冷水江东,lengshuijiangdong,UDQ
连山关,lianshanguan,LGT
流水沟,liushuigou,USP
陵水,lingshui,LIQ
罗山,luoshan,LRN
鲁山,lushan,LAF
丽水,lishui,USH
梁山,liangshan,LMK
灵石,lingshi,LSV
露水河,lushuihe,LUL
庐山,lushan,LSG
林盛堡,linshengpu,LBT
柳树屯,liushutun,LSD
龙山镇,longshanzhen,LAS
梨树镇,lishuzhen,LSB
李石寨,lishizhai,LET
黎塘,litang,LTZ
轮台,luntai,LAR
芦台,lutai,LTP
龙塘坝,longtangba,LBM
濑湍,laituan,LVZ
骆驼巷,luotuoxiang,LTJ
李旺,liwang,VLJ
莱芜东,laiwudong,LWK
狼尾山,langweishan,LRJ
灵武,lingwu,LNJ
莱芜西,laiwuxi,UXK
朗乡,langxiang,LXB
陇县,longxian,LXY
临湘,linxiang,LXQ
芦溪,luxi,LUG
莱西,laixi,LXK
林西,linxi,LXC
滦县,luanxian,UXP
略阳,lueyang,LYY
莱阳,laiyang,LYK
辽阳,liaoyang,LYT
临沂北,linyibei,UYK
凌源东,lingyuandong,LDD
连云港,lianyungang,UIH
临颍,linying,LNF
老营,laoying,LXL
龙游,longyou,LMH
罗源,luoyuan,LVS
林源,linyuan,LYX
涟源,lianyuan,LAQ
涞源,laiyuan,LYP
耒阳西,leiyangxi,LPQ
临泽,linze,LEJ
龙爪沟,longzhuagou,LZT
雷州,leizhou,UAQ
六枝,liuzhi,LIW
鹿寨,luzhai,LIZ
来舟,laizhou,LZS
龙镇,longzhen,LZA
拉鲊,lazha,LEM
兰州新区,lanzhouxinqu,LQJ
马鞍山,maanshan,MAH
毛坝,maoba,MBY
毛坝关,maobaguan,MGY
麻城北,machengbei,MBN
渑池,mianchi,MCF
明城,mingcheng,MCL
庙城,miaocheng,MAP
渑池南,mianchinan,MNF
茅草坪,maocaoping,KPM
猛洞河,mengdonghe,MUQ
磨刀石,modaoshi,MOB
弥渡,midu,MDF
帽儿山,maoershan,MRB
明港,minggang,MGN
梅河口,meihekou,MHL
马皇,mahuang,MHZ
孟家岗,mengjiagang,MGB
美兰,meilan,MHQ
汨罗东,miluodong,MQQ
马莲河,malianhe,MHB
茅岭,maoling,MLZ
庙岭,miaoling,MLL
茂林,maolin,MLD
穆棱,muling,MLB
马林,malin,MID
马龙,malong,MGM
木里图,mulitu,MUD
汨罗,miluo,MLQ
玛纳斯湖,manasihu,MNR
冕宁,mianning,UGW
沐滂,mupang,MPQ
马桥河,maqiaohe,MQB
闽清,minqing,MQS
民权,minquan,MQF
明水河,mingshuihe,MUT
麻山,mashan,MAB
眉山,meishan,MSW
漫水湾,manshuiwan,MKW
茂舍祖,maoshezu,MOM
米沙子,mishazi,MST
美溪,meixi,MEB
勉县,mianxian,MVY
麻阳,mayang,MVQ
密云北,miyunbei,MUP
米易,miyi,MMW
麦园,maiyuan,MYS
墨玉,moyu,MUR
庙庄,miaozhuang,MZJ
米脂,mizhi,MEY
明珠,mingzhu,MFQ
宁安,ningan,NAB
农安,nongan,NAT
南博山,nanboshan,NBK
南仇,nanqiu,NCK
南城司,nanchengsi,NSP
宁村,ningcun,NCZ
宁德,ningde,NES
南观村,nanguancun,NGP
南宫东,nangongdong,NFP
南关岭,nanguanling,NLT
宁国,ningguo,NNH
宁海,ninghai,NHH
南河川,nanhechuan,NHJ
南华,nanhua,NHS
泥河子,nihezi,NHD
宁家,ningjia,NVT
南靖,nanjing,NJS
牛家,niujia,NJB
能家,nengjia,NJD
南口,nankou,NKP
南口前,nankouqian,NKT
南朗,nanlang,NNQ
乃林,nailin,NLD
尼勒克,nileke,NIR
那罗,naluo,ULZ
宁陵县,ninglingxian,NLF
奈曼,naiman,NMD
宁明,ningming,NMZ
南木,nanmu,NMX
南平南,nanpingnan,NNS
那铺,napu,NPZ
南桥,nanqiao,NQD
那曲,naqu,NQO
暖泉,nuanquan,NQJ
南台,nantai,NTT
南头,nantou,NOQ
宁武,ningwu,NWV
南湾子,nanwanzi,NWP
南翔北,nanxiangbei,NEH
宁乡,ningxiang,NXQ
内乡,neixiang,NXF
牛心台,niuxintai,NXT
南峪,nanyu,NUP
娘子关,niangziguan,NIP
南召,nanzhao,NAF
南杂木,nanzamu,NZT
蓬安,pengan,PAW
平安,pingan,PAL
平安驿,pinganyi,PNO
磐安镇,pananzhen,PAJ
平安镇,pinganzhen,PZT
蒲城东,puchengdong,PEY
蒲城,pucheng,PCY
裴德,peide,PDB
偏店,piandian,PRP
平顶山西,pingdingshanxi,BFF
坡底下,podixia,PXJ
瓢儿屯,piaoertun,PRT
平房,pingfang,PFB
平岗,pinggang,PGL
平关,pingguan,PGM
盘关,panguan,PAM
平果,pingguo,PGZ
徘徊北,paihuaibei,PHP
平河口,pinghekou,PHM
平湖,pinghu,PHQ
盘锦北,panjinbei,PBD
潘家店,panjiadian,PDP
皮口南,pikounan,PKT
普兰店,pulandian,PLT
偏岭,pianling,PNT
平山,pingshan,PSB
彭山,pengshan,PSW
皮山,pishan,PSR
磐石,panshi,PSL
平社,pingshe,PSV
彭水,pengshui,PHW
平台,pingtai,PVT
平田,pingtian,PTM
莆田,putian,PTS
葡萄菁,putaojing,PTW
普湾,puwan,PWT
平旺,pingwang,PWV
平型关,pingxingguan,PGV
普雄,puxiong,POW
郫县,pixian,PWW
平洋,pingyang,PYX
彭阳,pengyang,PYJ
平遥,pingyao,PYV
平邑,pingyi,PIK
平原堡,pingyuanpu,PPJ
平原,pingyuan,PYK
平峪,pingyu,PYP
彭泽,pengze,PZG
邳州,pizhou,PJH
平庄,pingzhuang,PZD
泡子,paozi,POD
平庄南,pingzhuangnan,PND
乾安,qianan,QOT
庆安,qingan,QAB
迁安,qianan,QQP
祁东北,qidongbei,QRQ
七甸,qidian,QDM
曲阜东,qufudong,QAK
庆丰,qingfeng,QFT
奇峰塔,qifengta,QVP
曲阜,qufu,QFK
琼海,qionghai,QYQ
秦皇岛,qinhuangdao,QTP
千河,qianhe,QUY
清河,qinghe,QIP
清河门,qinghemen,QHD
清华园,qinghuayuan,QHP
渠旧,qujiu,QJZ
潜江,qianjiang,QJN
全椒,quanjiao,INH
秦家,qinjia,QJB
綦江,qijiang,QJW
祁家堡,qijiapu,QBT
清涧县,qingjianxian,QNY
秦家庄,qinjiazhuang,QZV
七里河,qilihe,QLD
秦岭,qinling,QLY
渠黎,quli,QLZ
青龙,qinglong,QIB
青龙山,qinglongshan,QGH
祁门,qimen,QIH
前磨头,qianmotou,QMP
青山,qingshan,QSB
确山,queshan,QSN
前山,qianshan,QXQ
清水,qingshui,QUJ
戚墅堰,qishuyan,QYH
青田,qingtian,QVH
桥头,qiaotou,QAT
青铜峡,qingtongxia,QTJ
前卫,qianwei,QWD
前苇塘,qianweitang,QWP
渠县,quxian,QRW
祁县,qixian,QXV
青县,qingxian,QXP
桥西,qiaoxi,QXJ
清徐,qingxu,QUV
旗下营,qixiaying,QXC
千阳,qianyang,QOY
沁阳,qinyang,QYF
泉阳,quanyang,QYL
祁阳北,qiyangbei,QVQ
七营,qiying,QYJ
庆阳山,qingyangshan,QSJ
清远,qingyuan,QBQ
清原,qingyuan,QYT
钦州东,qinzhoudong,QDZ
钦州,qinzhou,QRZ
青州市,qingzhoushi,QZK
瑞安,ruian,RAH
荣昌,rongchang,RCW
瑞昌,ruichang,RCG
如皋,rugao,RBH
容桂,ronggui,RUQ
任丘,renqiu,RQP
乳山,rushan,ROK
融水,rongshui,RSZ
热水,reshui,RSD
容县,rongxian,RXZ
饶阳,raoyang,RVP
汝阳,ruyang,RYF
绕阳河,raoyanghe,RHD
汝州,ruzhou,ROF
石坝,shiba,OBJ
上板城,shangbancheng,SBP
施秉,shibing,AQW
上板城南,shangbanchengnan,OBP
世博园,shiboyuan,ZWT
双城北,shuangchengbei,SBB
商城,shangcheng,SWN
莎车,shache,SCR
顺昌,shunchang,SCS
舒城,shucheng,OCH
神池,shenchi,SMV
沙城,shacheng,SCP
石城,shicheng,SCT
山城镇,shanchengzhen,SCL
山丹,shandan,SDJ
顺德,shunde,ORQ
绥德,suide,ODY
水洞,shuidong,SIL
商都,shangdu,SXC
十渡,shidu,SEP
四道湾,sidaowan,OUD
顺德学院,shundexueyuan,OJQ
绅坊,shenfang,OLH
双丰,shuangfeng,OFB
四方台,sifangtai,STB
水富,shuifu,OTW
三关口,sanguankou,OKJ
桑根达来,sanggendalai,OGC
韶关,shaoguan,SNQ
上高镇,shanggaozhen,SVK
上杭,shanghang,JBS
沙海,shahai,SED
松河,songhe,SBM
沙河,shahe,SHP
沙河口,shahekou,SKT
赛汗塔拉,saihantala,SHC
沙河市,shaheshi,VOP
沙后所,shahousuo,SSD
山河屯,shanhetun,SHL
三河县,sanhexian,OXP
四合永,siheyong,OHD
三汇镇,sanhuizhen,OZW
双河镇,shuanghezhen,SEL
石河子,shihezi,SZR
三合庄,sanhezhuang,SVP
三家店,sanjiadian,ODP
水家湖,shuijiahu,SQH
沈家河,shenjiahe,OJJ
松江河,songjianghe,SJL
尚家,shangjia,SJB
孙家,sunjia,SUB
沈家,shenjia,OJB
双吉,shuangji,SML
松江,songjiang,SAH
三江口,sanjiangkou,SKD
司家岭,sijialing,OLK
松江南,songjiangnan,IMH
石景山南,shijingshannan,SRP
邵家堂,shaojiatang,SJJ
三江县,sanjiangxian,SOZ
三家寨,sanjiazhai,SMM
十家子,shijiazi,SJD
松江镇,songjiangzhen,OZL
施家嘴,shijiazui,SHM
深井子,shenjingzi,SWT
什里店,shilidian,OMP
疏勒,shule,SUR
疏勒河,shulehe,SHJ
舍力虎,shelihu,VLD
石磷,shilin,SPB
双辽,shuangliao,ZJD
绥棱,suiling,SIB
石岭,shiling,SOL
石林,shilin,SLM
石林南,shilinnan,LNM
石龙,shilong,SLQ
萨拉齐,salaqi,SLC
索伦,suolun,SNT
商洛,shangluo,OLY
沙岭子,shalingzi,SLP
石门县北,shimenxianbei,VFQ
三门峡南,sanmenxianan,SCF
三门县,sanmenxian,OQH
石门县,shimenxian,OMQ
三门峡西,sanmenxiaxi,SXF
肃宁,suning,SYP
宋,song,SOB
双牌,shuangpai,SBZ
四平东,sipingdong,PPT
遂平,suiping,SON
沙坡头,shapotou,SFJ
沙桥,shaqiao,SQM
商丘南,shangqiunan,SPF
水泉,shuiquan,SID
石泉县,shiquanxian,SXY
石桥子,shiqiaozi,SQT
石人城,shirencheng,SRB
石人,shiren,SRL
山市,shanshi,SQB
神树,shenshu,SWB
鄯善,shanshan,SSR
三水,sanshui,SJQ
泗水,sishui,OSK
石山,shishan,SAD
松树,songshu,SFT
首山,shoushan,SAT
三十家,sanshijia,SRD
三十里堡,sanshilipu,SST
松树镇,songshuzhen,SSL
松桃,songtao,MZQ
索图罕,suotuhan,SHX
三堂集,santangji,SDH
石头,shitou,OTB
神头,shentou,SEV
沙沱,shatuo,SFM
上万,shangwan,SWP
孙吴,sunwu,SKB
沙湾县,shawanxian,SXR
遂溪,suixi,SXZ
沙县,shaxian,SAS
歙县,shexian,OVH
绍兴,shaoxing,SOH
石岘,shixian,SXL
上西铺,shangxipu,SXM
石峡子,shixiazi,SXJ
绥阳,suiyang,SYB
沭阳,shuyang,FMH
寿阳,shouyang,SYV
水洋,shuiyang,OYP
三阳川,sanyangchuan,SYJ
上腰墩,shangyaodun,SPJ
三营,sanying,OEJ
顺义,shunyi,SOP
三义井,sanyijing,OYD
三源浦,sanyuanpu,SYL
三原,sanyuan,SAY
上虞,shangyu,BDH
上园,shangyuan,SUD
水源,shuiyuan,OYJ
桑园子,sangyuanzi,SAJ
绥中北,suizhongbei,SND
苏州北,suzhoubei,OHH
宿州东,suzhoudong,SRH
深圳东,shenzhendong,BJQ
深州,shenzhou,OZP
孙镇,sunzhen,OZY
绥中,suizhong,SZD
尚志,shangzhi,SZB
师庄,shizhuang,SNM
松滋,songzi,SIN
师宗,shizong,SEM
苏州园区,suzhouyuanqu,KAH
苏州新区,suzhouxinqu,ITH
泰安,taian,TMK
台安,taian,TID
通安驿,tonganyi,TAJ
桐柏,tongbai,TBF
通北,tongbei,TBB
汤池,tangchi,TCX
桐城,tongcheng,TTH
郯城,tancheng,TZK
铁厂,tiechang,TCL
桃村,taocun,TCK
通道,tongdao,TRQ
田东,tiandong,TDZ
天岗,tiangang,TGL
土贵乌拉,tuguiwula,TGC
通沟,tonggou,TOL
太谷,taigu,TGV
塔哈,taha,THX
棠海,tanghai,THM
唐河,tanghe,THF
泰和,taihe,THG
太湖,taihu,TKH
团结,tuanjie,TIX
谭家井,tanjiajing,TNJ
陶家屯,taojiatun,TOT
唐家湾,tangjiawan,PDQ
统军庄,tongjunzhuang,TZP
泰康,taikang,TKX
吐列毛杜,tuliemaodu,TMD
图里河,tulihe,TEX
铜陵,tongling,TJH
田林,tianlin,TFZ
亭亮,tingliang,TIZ
铁力,tieli,TLB
铁岭西,tielingxi,PXT
图们北,tumenbei,QSL
天门,tianmen,TMN
天门南,tianmennan,TNN
太姥山,taimushan,TLS
土牧尔台,tumuertai,TRC
土门子,tumenzi,TCJ
洮南,taonan,TVT
潼南,tongnan,TVW
太平川,taipingchuan,TIT
太平镇,taipingzhen,TEB
图强,tuqiang,TQX
台前,taiqian,TTK
天桥岭,tianqiaoling,TQL
土桥子,tuqiaozi,TQJ
汤山城,tangshancheng,TCT
桃山,taoshan,TAB
塔石嘴,tashizui,TIM
通途,tongtu,TUT
汤旺河,tangwanghe,THB
同心,tongxin,TXJ
土溪,tuxi,TSW
桐乡,tongxiang,TCH
田阳,tianyang,TRZ
天义,tianyi,TND
汤阴,tangyin,TYF
驼腰岭,tuoyaoling,TIL
太阳山,taiyangshan,TYJ
汤原,tangyuan,TYB
塔崖驿,tayayi,TYP
滕州东,tengzhoudong,TEK
台州,taizhou,TZH
天祝,tianzhu,TZJ
滕州,tengzhou,TXK
天镇,tianzhen,TZV
桐子林,tongzilin,TEW
天柱山,tianzhushan,QWH
文安,wenan,WBP
武安,wuan,WAP
王安镇,wanganzhen,WVP
旺苍,wangcang,WEW
五叉沟,wuchagou,WCT
文昌,wenchang,WEQ
温春,wenchun,WDB
五大连池,wudalianchi,WRB
文登,wendeng,WBK
五道沟,wudaogou,WDL
五道河,wudaohe,WHP
文地,wendi,WNZ
卫东,weidong,WVT
武当山,wudangshan,WRN
望都,wangdu,WDP
乌尔旗汗,wuerqihan,WHX
潍坊,weifang,WFK
万发屯,wanfatun,WFB
王府,wangfu,WUT
瓦房店西,wafangdianxi,WXT
王岗,wanggang,WGB
武功,wugong,WGY
湾沟,wangou,WGL
吴官田,wuguantian,WGM
乌海,wuhai,WVC
苇河,weihe,WHB
卫辉,weihui,WHF
吴家川,wujiachuan,WCJ
五家,wujia,WUB
威箐,weiqing,WAM
午汲,wuji,WJP
渭津,weijin,WJL
王家湾,wangjiawan,WJJ
倭肯,woken,WQB
五棵树,wukeshu,WKT
五龙背,wulongbei,WBT
乌兰哈达,wulanhada,WLC
万乐,wanle,WEB
瓦拉干,walagan,WVX
温岭,wenling,VHH
五莲,wulian,WLK
乌拉特前旗,wulateqianqi,WQC
乌拉山,wulashan,WSC
卧里屯,wolitun,WLX
渭南北,weinanbei,WBY
乌奴耳,wunuer,WRX
万宁,wanning,WNQ
万年,wannian,WWG
渭南南,weinannan,WVY
渭南镇,weinanzhen,WNJ
沃皮,wopi,WPT
吴堡,wupu,WUY
吴桥,wuqiao,WUP
汪清,wangqing,WQL
武清,wuqing,WWP
武山,wushan,WSJ
文水,wenshui,WEV
魏善庄,weishanzhuang,WSP
王瞳,wangtong,WTP
五台山,wutaishan,WSV
王团庄,wangtuanzhuang,WZJ
五五,wuwu,WVR
无锡东,wuxidong,WGH
卫星,weixing,WVB
闻喜,wenxi,WXV
武乡,wuxiang,WVV
无锡新区,wuxixinqu,IFH
武穴,wuxue,WXN
吴圩,wuxu,WYZ
王杨,wangyang,WYB
五营,wuying,WWB
武义,wuyi,RYH
瓦窑田,wayaotian,WIM
五原,wuyuan,WYC
苇子沟,weizigou,WZL
韦庄,weizhuang,WZY
五寨,wuzhai,WZV
王兆屯,wangzhaotun,WZB
微子镇,weizizhen,WQP
魏杖子,weizhangzi,WKD
新安,xinan,EAM
兴安,xingan,XAZ
新安县,xinanxian,XAF
新保安,xinbaoan,XAP
下板城,xiabancheng,EBP
西八里,xibali,XLP
宣城,xuancheng,ECH
兴城,xingcheng,XCD
小村,xiaocun,XEM
新绰源,xinchuoyuan,XRX
下城子,xiachengzi,XCB
新城子,xinchengzi,XCT
喜德,xide,EDW
小得江,xiaodejiang,EJM
西大庙,xidamiao,XMP
小董,xiaodong,XEZ
小东,xiaodong,XOD
信丰,xinfeng,EFG
襄汾,xiangfen,XFV
息烽,xifeng,XFW
新干,xingan,EGG
孝感,xiaogan,XGN
西固城,xigucheng,XUJ
西固,xigu,XIJ
夏官营,xiaguanying,XGJ
西岗子,xigangzi,NBB
襄河,xianghe,XXB
新和,xinhe,XIR
宣和,xuanhe,XWJ
斜河涧,xiehejian,EEP
新华屯,xinhuatun,XAX
新华,xinhua,XHB
新化,xinhua,EHQ
宣化,xuanhua,XHP
兴和西,xinghexi,XEC
小河沿,xiaoheyan,XYD
下花园,xiahuayuan,XYP
小河镇,xiaohezhen,EKY
徐家,xujia,XJB
峡江,xiajiang,EJG
新绛,xinjiang,XJV
辛集,xinji,ENP
新江,xinjiang,XJM
西街口,xijiekou,EKM
许家屯,xujiatun,XJT
许家台,xujiatai,XTJ
谢家镇,xiejiazhen,XMT
兴凯,xingkai,EKB
小榄,xiaolan,EAQ
香兰,xianglan,XNB
兴隆店,xinglongdian,XDD
新乐,xinle,ELP
新林,xinlin,XPX
小岭,xiaoling,XLB
新李,xinli,XLJ
西林,xilin,XYB
西柳,xiliu,GCT
仙林,xianlin,XPH
新立屯,xinlitun,XLD
兴隆镇,xinglongzhen,XZB
新立镇,xinlizhen,XGT
新民,xinmin,XMD
西麻山,ximashan,XMB
下马塘,xiamatang,XAT
孝南,xiaonan,XNV
咸宁北,xianningbei,XRN
兴宁,xingning,ENQ
咸宁,xianning,XNN
犀浦东,xipudong,XAW
西平,xiping,XPN
兴平,xingping,XPY
新坪田,xinpingtian,XPM
霞浦,xiapu,XOS
溆浦,xupu,EPQ
犀浦,xipu,XIW
新青,xinqing,XQB
新邱,xinqiu,XQD
兴泉堡,xingquanbu,XQJ
仙人桥,xianrenqiao,XRL
小寺沟,xiaosigou,ESP
杏树,xingshu,XSB
浠水,xishui,XZN
下社,xiashe,XSV
徐水,xushui,XSP
夏石,xiashi,XIZ
小哨,xiaoshao,XAM
新松浦,xinsongpu,XOB
杏树屯,xingshutun,XDT
许三湾,xusanwan,XSJ
湘潭,xiangtan,XTQ
邢台,xingtai,XTP
仙桃西,xiantaoxi,XAN
下台子,xiataizi,EIP
徐闻,xuwen,XJQ
新窝铺,xinwopu,EPD
修武,xiuwu,XWF
新县,xinxian,XSN
息县,xixian,ENN
西乡,xixiang,XQY
湘乡,xiangxiang,XXQ
西峡,xixia,XIF
孝西,xiaoxi,XOV
小新街,xiaoxinjie,XXM
新兴县,xinxingxian,XGQ
西小召,xixiaozhao,XZC
小西庄,xiaoxizhuang,XXP
向阳,xiangyang,XDB
旬阳,xunyang,XUY
旬阳北,xunyangbei,XBY
襄阳东,xiangyangdong,XWN
兴业,xingye,SNZ
小雨谷,xiaoyugu,XHM
信宜,xinyi,EEQ
小月旧,xiaoyuejiu,XFM
小扬气,xiaoyangqi,XYX
祥云,xiangyun,EXM
襄垣,xiangyuan,EIF
夏邑县,xiayixian,EJH
新友谊,xinyouyi,EYB
新阳镇,xinyangzhen,XZJ
徐州东,xuzhoudong,UUH
新帐房,xinzhangfang,XZX
悬钟,xuanzhong,XRP
新肇,xinzhao,XZT
忻州,xinzhou,XXV
汐子,xizi,XZD
西哲里木,xizhelimu,XRD
新杖子,xinzhangzi,ERP
姚安,yaoan,YAC
依安,yian,YAX
永安,yongan,YAS
永安乡,yonganxiang,YNB
亚布力,yabuli,YBB
元宝山,yuanbaoshan,YUD
羊草,yangcao,YAB
秧草地,yangcaodi,YKM
阳澄湖,yangchenghu,AIH
迎春,yingchun,YYB
叶城,yecheng,YER
盐池,yanchi,YKJ
砚川,yanchuan,YYY
阳春,yangchun,YQQ
宜城,yicheng,YIN
应城,yingcheng,YHN
禹城,yucheng,YCK
晏城,yancheng,YEK
羊场,yangchang,YED
阳城,yangcheng,YNF
阳岔,yangcha,YAL
郓城,yuncheng,YPK
雁翅,yanchi,YAP
云彩岭,yuncailing,ACP
虞城县,yuchengxian,IXH
营城子,yingchengzi,YCT
英德,yingde,YDQ
永登,yongdeng,YDJ
尹地,yindi,YDM
永定,yongding,YGS
雁荡山,yandangshan,YGH
于都,yudu,YDG
园墩,yuandun,YAJ
英德西,yingdexi,IIQ
永丰营,yongfengying,YYM
杨岗,yanggang,YRB
阳高,yanggao,YOV
阳谷,yanggu,YIK
友好,youhao,YOB
余杭,yuhang,EVH
沿河城,yanhecheng,YHP
岩会,yanhui,AEP
羊臼河,yangjiuhe,YHM
永嘉,yongjia,URH
营街,yingjie,YAM
盐津,yanjin,AEW
余江,yujiang,YHG
燕郊,yanjiao,AJP
姚家,yaojia,YAT
岳家井,yuejiajing,YGJ
一间堡,yijianpu,YJT
英吉沙,yingjisha,YIR
云居寺,yunjusi,AFP
燕家庄,yanjiazhuang,AZK
永康,yongkang,RFH
营口东,yingkoudong,YGT
银浪,yinlang,YJX
永郎,yonglang,YLW
宜良北,yiliangbei,YSM
永乐店,yongledian,YDY
伊拉哈,yilaha,YLX
伊林,yilin,YLB
杨陵,yangling,YSY
彝良,yiliang,ALW
杨林,yanglin,YLM
余粮堡,yuliangpu,YLD
杨柳青,yangliuqing,YQP
月亮田,yueliangtian,YUM
义马,yima,YMF
玉门,yumen,YXJ
云梦,yunmeng,YMN
元谋,yuanmou,YMM
阳明堡,yangmingbu,YVV
一面山,yimianshan,YST
沂南,yinan,YNK
宜耐,yinai,YVM
伊宁东,yiningdong,YNR
营盘水,yingpanshui,YZJ
羊堡,yangpu,ABM
阳泉北,yangquanbei,YPP
乐清,yueqing,UPH
焉耆,yanqi,YSR
源迁,yuanqian,AQK
姚千户屯,yaoqianhutun,YQT
阳曲,yangqu,YQV
榆树沟,yushugou,YGP
月山,yueshan,YBF
玉石,yushi,YSJ
玉舍,yushe,AUM
偃师,yanshi,YSF
沂水,yishui,YUK
榆社,yushe,YSV
窑上,yaoshang,ASP
元氏,yuanshi,YSP
杨树岭,yangshuling,YAD
野三坡,yesanpo,AIP
榆树屯,yushutun,YSX
榆树台,yushutai,YUT
鹰手营子,yingshouyingzi,YIP
源潭,yuantan,YTQ
牙屯堡,yatunpu,YTZ
烟筒山,yantongshan,YSL
烟筒屯,yantongtun,YUX
羊尾哨,yangweishao,YWM
越西,yuexi,YHW
攸县,youxian,YOG
玉溪,yuxi,YXM
永修,yongxiu,ACG
弋阳,yiyang,YIG
余姚,yuyao,YYH
酉阳,youyang,AFW
岳阳东,yueyangdong,YIQ
阳邑,yangyi,ARP
鸭园,yayuan,YYL
鸳鸯镇,yuanyangzhen,YYJ
燕子砭,yanzibian,YZY
宜州,yizhou,YSZ
仪征,yizheng,UZH
兖州,yanzhou,YZK
迤资,yizi,YQM
羊者窝,yangzhewo,AEM
杨杖子,yangzhangzi,YZD
镇安,zhenan,ZEY
治安,zhian,ZAD
招柏,zhaobai,ZBP
张百湾,zhangbaiwan,ZUP
中川机场,zhongchuanjichang,ZJJ
枝城,zhicheng,ZCN
子长,zichang,ZHY
诸城,zhucheng,ZQK
邹城,zoucheng,ZIK
赵城,zhaocheng,ZCV
章党,zhangdang,ZHT
正定,zhengding,ZDP
肇东,zhaodong,ZDB
照福铺,zhaofupu,ZFM
章古台,zhanggutai,ZGD
赵光,zhaoguang,ZGB
中和,zhonghe,ZHX
中华门,zhonghuamen,VNH
枝江北,zhijiangbei,ZIN
钟家村,zhongjiacun,ZJY
朱家沟,zhujiagou,ZUB
紫荆关,zijingguan,ZYP
周家,zhoujia,ZOB
诸暨,zhuji,ZDH
镇江南,zhenjiangnan,ZEH
周家屯,zhoujiatun,ZOD
褚家湾,zhujiawan,CWJ
湛江西,zhanjiangxi,ZWQ
朱家窑,zhujiayao,ZUJ
曾家坪子,zengjiapingzi,ZBW
张兰,zhanglan,ZLV
镇赉,zhenlai,ZLT
枣林,zaolin,ZIV
扎鲁特,zhalute,ZLD
扎赉诺尔西,zhalainuoerxi,ZXX
樟木头,zhangmutou,ZOQ
中牟,zhongmu,ZGF
中宁东,zhongningdong,ZDJ
中宁,zhongning,VNJ
中宁南,zhongningnan,ZNJ
镇平,zhenping,ZPF
漳平,zhangping,ZPS
泽普,zepu,ZPR
枣强,zaoqiang,ZVP
张桥,zhangqiao,ZQY
章丘,zhangqiu,ZTK
朱日和,zhurihe,ZRC
泽润里,zerunli,ZLM
中山北,zhongshanbei,ZGQ
樟树东,zhangshudong,ZOG
中山,zhongshan,ZSQ
柞水,zhashui,ZSY
钟山,zhongshan,ZSZ
樟树,zhangshu,ZSG
珠窝,zhuwo,ZOP
张维屯,zhangweitun,ZWB
彰武,zhangwu,ZWD
棕溪,zongxi,ZOY
钟祥,zhongxiang,ZTN
资溪,zixi,ZXS
镇西,zhenxi,ZVT
张辛,zhangxin,ZIP
正镶白旗,zhengxiangbaiqi,ZXC
紫阳,ziyang,ZVY
枣阳,zaoyang,ZYN
竹园坝,zhuyuanba,ZAW
张掖,zhangye,ZYJ
镇远,zhenyuan,ZUW
朱杨溪,zhuyangxi,ZXW
漳州东,zhangzhoudong,GOS
漳州,zhangzhou,ZUS
壮志,zhuangzhi,ZUX
子洲,zizhou,ZZY
中寨,zhongzhai,ZZM
涿州,zhuozhou,ZXP
咋子,zhazi,ZAL
卓资山,zhuozishan,ZZC
株洲西,zhuzhouxi,ZAQ
郑州西,zhengzhouxi,XPF
阿巴嘎旗,abagaqi,AQC
阿尔山北,aershanbei,ARX
安仁,anren,ARG
安顺西,anshunxi,ASE
安图西,antuxi,AXL
安阳东,anyangdong,ADF
博白,bobai,BBZ
八步,babu,BBE
栟茶,bencha,FWH
保定东,baodingdong,BMP
白沟,baigou,FEP
滨海,binhai,FHP
滨海北,binhaibei,FCP
宝鸡南,baojinan,BBY
北井子,beijingzi,BRT
白马井,baimajing,BFQ
宝清,baoqing,BUB
璧山,bishan,FZW
白水县,baishuixian,BGY
本溪新城,benxixincheng,BVT
彬县,binxian,BXY
宾阳,binyang,UKZ
白洋淀,baiyangdian,FWP
百宜,baiyi,FHW
白音华南,baiyinhuanan,FNC
巴中东,bazhongdong,BDE
滨州,binzhou,BIK
霸州西,bazhouxi,FOP
澄城,chengcheng,CUY
巢湖东,chaohudong,GUH
从江,congjiang,KNW
茶卡,chaka,CVO
长临河,changlinhe,FVH
茶陵南,chalingnan,CNG
常平东,changpingdong,FQQ
长庆桥,changqingqiao,CQJ
长寿北,changshoubei,COW
长寿湖,changshouhu,CSE
潮汕,chaoshan,CBQ
长汀南,changtingnan,CNS
长武,changwu,CWY
长兴,changxing,CBH
苍溪,cangxi,CXE
长阳,changyang,CYN
潮阳,chaoyang,CNQ
城子坦,chengzitan,CWT
东安东,dongandong,DCZ
德保,debao,RBZ
东戴河,dongdaihe,RDD
丹东西,dandongxi,RWT
东二道河,dongerdaohe,DRB
大方南,dafangnan,DNE
东港北,donggangbei,RGT
大孤山,dagushan,RMT
东莞,dongguan,RTQ
鼎湖东,dinghudong,UWQ
鼎湖山,dinghushan,NVQ
垫江,dianjiang,DJE
大苴,daju,DIM
大荔,dali,DNY
大青沟,daqinggou,DSD
德清,deqing,DRH
砀山南,dangshannan,PRH
大石头南,dashitounan,DAL
当涂东,dangtudong,OWH
大通西,datongxi,DTO
大旺,dawang,WWQ
德兴,dexing,DWG
丹霞山,danxiashan,IRQ
大冶北,dayebei,DBN
都匀东,duyundong,KJW
东营南,dongyingnan,DOK
大余,dayu,DYG
定州东,dingzhoudong,DOP
端州,duanzhou,WZQ
大足南,dazunan,FQW
峨眉山,emeishan,IXW
鄂州东,ezhoudong,EFN
防城港北,fangchenggangbei,FBZ
凤城东,fengchengdong,FDT
富川,fuchuan,FDZ
繁昌西,fanchangxi,PUH
丰都,fengdu,FUW
涪陵北,fulingbei,FEW
法启,faqi,FQE
抚松,fusong,FSL
福山镇,fushanzhen,FZQ
福田,futian,NZQ
抚远,fuyuan,FYB
抚州东,fuzhoudong,FDG
抚州,fuzhou,FZG
高安,gaoan,GCG
广安南,guangannan,VUW
贵安,guian,GAE
高碑店东,gaobeidiandong,GMP
恭城,gongcheng,GCZ
贵定北,guidingbei,FMW
葛店南,gediannan,GNN
贵定县,guidingxian,KIW
广汉北,guanghanbei,GVW
革居,geju,GEM
关岭,guanling,GLE
桂林西,guilinxi,GEZ
光明城,guangmingcheng,IMQ
广宁,guangning,FBQ
广宁寺,guangningsi,GQT
桂平,guiping,GAZ
弓棚子,gongpengzi,GPT
光山,guangshan,GUN
古田北,gutianbei,GBS
广通北,guangtongbei,GPM
高台南,gaotainan,GAJ
古田会址,gutianhuizhi,STS
贵阳北,guiyangbei,KQW
高邑西,gaoyixi,GNP
惠安,huian,HNS
鹤壁东,hebidong,HFF
寒葱沟,hanconggou,HKB
珲春,hunchun,HUL
邯郸东,handandong,HPP
惠东,huidong,KDQ
海东西,haidongxi,HDO
洪洞西,hongtongxi,HTV
哈尔滨北,haerbinbei,HTB
合肥北城,hefeibeicheng,COH
合肥南,hefeinan,ENH
黄冈,huanggang,KGN
黄冈东,huanggangdong,KAN
横沟桥东,henggouqiaodong,HNN
黄冈西,huanggangxi,KXN
洪河,honghe,HPB
怀化南,huaihuanan,KAQ
黄河景区,huanghejingqu,HCF
花湖,huahu,KHN
惠环,huihuan,KHQ
怀集,huaiji,FAQ
河口北,hekoubei,HBM
黄流,huangliu,KLQ
黄陵南,huanglingnan,VLY
鲘门,houmen,KMQ
虎门,humen,IUQ
侯马西,houmaxi,HPV
衡南,hengnan,HNG
淮南东,huainandong,HOH
合浦,hepu,HVZ
霍邱,huoqiu,FBH
怀仁东,huairendong,HFV
华容东,huarongdong,HPN
华容南,huarongnan,KRN
黄石北,huangshibei,KSN
黄山北,huangshanbei,NYH
贺胜桥东,heshengqiaodong,HLN
和硕,heshuo,VUR
花山南,huashannan,KNN
合阳北,heyangbei,HTY
海阳北,haiyangbei,HEK
花园口,huayuankou,HYT
霍州东,huozhoudong,HWV
惠州南,huizhounan,KNQ
泾川,jingchuan,JAJ
旌德,jingde,NSH
尖峰,jianfeng,PFQ
蛟河西,jiaohexi,JOL
军粮城北,junliangchengbei,JMP
将乐,jiangle,JLS
贾鲁河,jialuhe,JLF
即墨北,jimobei,JVK
建宁县北,jianningxianbei,JCS
江宁,jiangning,JJH
江宁西,jiangningxi,OKH
建瓯西,jianouxi,JUS
酒泉南,jiuquannan,JNJ
句容西,jurongxi,JWH
建水,jianshui,JSM
界首市,jieshoushi,JUN
绩溪北,jixibei,NRH
介休东,jiexiudong,JDV
靖西,jingxi,JMZ
泾县,jingxian,LOH
进贤南,jinxiannan,JXG
嘉峪关南,jiayuguannan,JBJ
简阳南,jianyangnan,JOW
靖宇,jingyu,JYL
金月湾,jinyuewan,PYQ
缙云西,jinyunxi,PYH
晋中,jinzhong,JZV
开封北,kaifengbei,KBF
凯里南,kailinan,QKW
库伦,kulun,KLD
葵潭,kuitan,KTQ
开阳,kaiyang,KVW
隆安东,longandong,IDZ
来宾北,laibinbei,UCZ
灵璧,lingbi,GMH
绿博园,lvboyuan,LCF
隆昌北,longchangbei,NWW
临城,lincheng,UUP
罗城,luocheng,VCZ
陵城,lingcheng,LGK
老城镇,laochengzhen,ACQ
龙洞堡,longdongbao,FVW
乐都南,ledunan,LVO
娄底南,loudinan,UOQ
乐东,ledong,UQQ
离堆公园,liduigongyuan,INW
陆丰,lufeng,LLQ
龙丰,longfeng,KFQ
禄丰南,lufengnan,LQM
临汾西,linfenxi,LXV
临高南,lingaonan,KGQ
滦河,luanhe,UDP
漯河西,luohexi,LBN
罗江东,luojiangdong,IKW
利津南,lijinnan,LNK
兰考南,lankaonan,LUF
兰陵北,lanlingbei,COK
龙里北,longlibei,KFW
沥林北,lilinbei,KBQ
醴陵东,lilingdong,UKQ
梁平南,liangpingnan,LPE
礼泉,liquan,LGY
灵石东,lingshidong,UDV
乐山,leshan,IVW
龙市,longshi,LAG
溧水,lishui,LDH
洛湾三江,luowansanjiang,KRW
莱西北,laixibei,LBK
溧阳,liyang,LEH
临邑,linyi,LUK
柳园南,liuyuannan,LNR
鹿寨北,luzhaibei,LSZ
阆中,langzhong,LZE
临泽南,linzenan,LDJ
马鞍山东,maanshandong,OMH
明港东,minggangdong,MDN
民和南,minhenan,MNO
马兰,malan,MLR
民乐,minle,MBJ
玛纳斯,manasi,MSR
牟平,muping,MBK
闽清北,minqingbei,MBS
民权北,minquanbei,MIF
眉山东,meishandong,IUW
庙山,miaoshan,MSN
门源,menyuan,MYO
蒙自北,mengzibei,MBM
孟庄,mengzhuang,MZF
蒙自,mengzi,MZM
南部,nanbu,NBE
南曹,nancao,NEF
南充北,nanchongbei,NCE
南城,nancheng,NDG
南昌西,nanchangxi,NXG
宁东南,ningdongnan,NDJ
宁东,ningdong,NOJ
南芬北,nanfenbei,NUT
南丰,nanfeng,NFG
南湖东,nanhudong,NDN
内江北,neijiangbei,NKW
南江,nanjiang,FIW
南江口,nanjiangkou,NDQ
南陵,nanling,LLH
尼木,nimu,NMO
南宁东,nanningdong,NFZ
南宁西,nanningxi,NXZ
南平北,nanpingbei,NBS
南雄,nanxiong,NCQ
纳雍,nayong,NYE
南阳寨,nanyangzhai,NYF
普安,puan,PAN
普安县,puanxian,PUE
屏边,pingbian,PBM
平坝南,pingbanan,PBE
平昌,pingchang,PCE
普定,puding,PGW
平度,pingdu,PAK
皮口,pikou,PUT
普宁,puning,PEQ
平南南,pingnannan,PAZ
彭山北,pengshanbei,PPW
坪上,pingshang,PSK
萍乡北,pingxiangbei,PBG
濮阳,puyang,PYF
平遥古城,pingyaogucheng,PDV
盘州,panzhou,PAE
彭州,pengzhou,PMW
青白江东,qingbaijiangdong,QFW
青岛北,qingdaobei,QHK
祁东,qidong,QMQ
青堆,qingdui,QET
前锋,qianfeng,QFB
曲江,qujiang,QIM
青莲,qinglian,QEW
齐齐哈尔南,qiqihaernan,QNB
清水北,qingshuibei,QEJ
青神,qingshen,QVW
岐山,qishan,QAY
庆盛,qingsheng,QSQ
曲水县,qushuixian,QSO
祁县东,qixiandong,QGV
乾县,qianxian,QBY
祁阳,qiyang,QWQ
全州南,quanzhounan,QNZ
棋子湾,qiziwan,QZQ
仁布,renbu,RUO
荣昌北,rongchangbei,RQW
荣成,rongcheng,RCK
如东,rudong,RIH
榕江,rongjiang,RVW
日喀则,rikaze,RKO
饶平,raoping,RVQ
宋城路,songchenglu,SFF
三道湖,sandaohu,SDL
邵东,shaodong,FIQ
三都县,sanduxian,KKW
胜芳,shengfang,SUP
双峰北,shuangfengbei,NFQ
商河,shanghe,SOK
泗洪,sihong,GQH
四会,sihui,AHQ
三江南,sanjiangnan,SWZ
三井子,sanjingzi,OJT
双流机场,shuangliujichang,IPW
双流西,shuangliuxi,IQW
三明北,sanmingbei,SHS
苏尼特左旗,sunitezuoqi,ONC
山坡东,shanpodong,SBN
石桥,shiqiao,SQE
沈丘,shenqiu,SQN
鄯善北,shanshanbei,SMR
狮山北,shishanbei,NSQ
三水北,sanshuibei,ARQ
狮山,shishan,KSQ
三水南,sanshuinan,RNQ
韶山南,shaoshannan,INQ
三穗,sansui,QHW
石梯,shiti,STE
汕尾,shanwei,OGQ
歙县北,shexianbei,NPH
绍兴北,shaoxingbei,SLH
始兴,shixing,IPQ
泗县,sixian,GPH
泗阳,siyang,MPH
邵阳北,shaoyangbei,OVQ
上虞北,shangyubei,SSH
松原北,songyuanbei,OCT
山阴,shanyin,SNV
沈阳南,shenyangnan,SOT
深圳北,shenzhenbei,IOQ
神州,shenzhou,SRQ
深圳坪山,shenzhenpingshan,IFQ
石嘴山,shizuishan,QQJ
石柱县,shizhuxian,OSW
桃村北,taocunbei,TOK
田东北,tiandongbei,TBZ
土地堂东,tuditangdong,TTN
太谷西,taiguxi,TIV
吐哈,tuha,THR
通海,tonghai,TAM
通化县,tonghuaxian,TXL
同江,tongjiang,TJB
吐鲁番北,tulufanbei,TAR
铜陵北,tonglingbei,KXH
泰宁,taining,TNS
铜仁南,tongrennan,TNW
汤逊湖,tangxunhu,THN
藤县,tengxian,TAZ
太原南,taiyuannan,TNV
通远堡西,tongyuanpuxi,TST
文登东,wendengdong,WGK
五府山,wufushan,WFG
威虎岭北,weihulingbei,WBL
威海北,weihaibei,WHK
五龙背东,wulongbeidong,WMT
乌龙泉南,wulongquannan,WFN
乌鲁木齐,wulumuqi,WAR
五女山,wunvshan,WET
武胜,wusheng,WSE
无为,wuwei,IIH
瓦屋山,wawushan,WAH
闻喜西,wenxixi,WOV
武义北,wuyibei,WDH
武夷山北,wuyishanbei,WBS
武夷山东,wuyishandong,WCS
婺源,wuyuan,WYG
万州北,wanzhoubei,WZE
武陟,wuzhi,WIF
梧州南,wuzhounan,WBZ
兴安北,xinganbei,XDZ
许昌东,xuchangdong,XVF
项城,xiangcheng,ERN
新都东,xindudong,EWW
西丰,xifeng,XFT
襄汾西,xiangfenxi,XTV
孝感北,xiaoganbei,XJN
西湖东,xihudong,WDQ
新化南,xinhuanan,EJQ
新晃西,xinhuangxi,EWQ
新津,xinjin,IRW
小金口,xiaojinkou,NKQ
新津南,xinjinnan,ITW
咸宁东,xianningdong,XKN
咸宁南,xianningnan,UNN
溆浦南,xupunan,EMQ
湘潭北,xiangtanbei,EDQ
邢台东,xingtaidong,EDP
西乌旗,xiwuqi,XWC
修武西,xiuwuxi,EXF
萧县北,xiaoxianbei,QSH
新乡东,xinxiangdong,EGF
新余北,xinyubei,XBG
西阳村,xiyangcun,XQF
信阳东,xinyangdong,OYN
咸阳秦都,xianyangqindu,XOY
仙游,xianyou,XWS
新郑机场,xinzhengjichang,EZF
迎宾路,yingbinlu,YFW
永城北,yongchengbei,RGH
运城北,yunchengbei,ABV
永川东,yongchuandong,WMW
宜春,yichun,YEG
岳池,yuechi,AWW
云东海,yundonghai,NAQ
云浮东,yunfudong,IXQ
永福南,yongfunan,YBZ
雨格,yuge,VTM
洋河,yanghe,GTH
永济北,yongjibei,AJV
弋江,yijiang,RVH
于家堡,yujiapu,YKP
延吉西,yanjixi,YXL
永康南,yongkangnan,QUH
运粮河,yunlianghe,YEF
炎陵,yanling,YAG
杨陵南,yanglingnan,YEY
伊敏,yimin,YMX
郁南,yunan,YKQ
银瓶,yinping,KPQ
永寿,yongshou,ASY
阳朔,yangshuo,YCZ
云山,yunshan,KZQ
玉山南,yushannan,YGG
银滩,yintan,CTQ
永泰,yongtai,YTS
鹰潭北,yingtanbei,YKG
烟台南,yantainan,YLK
尤溪,youxi,YXS
云霄,yunxiao,YBS
宜兴,yixing,YUH
阳信,yangxin,YVK
应县,yingxian,YZV
攸县南,youxiannan,YXG
余姚北,yuyaobei,CTH
诏安,zhaoan,ZDS
正定机场,zhengdingjichang,ZHP
纸坊东,zhifangdong,ZMN
庄河北,zhuanghebei,ZUT
昭化,zhaohua,ZHW
织金北,zhijinbei,ZJE
芷江,zhijiang,ZPQ
织金,zhijin,IZW
仲恺,zhongkai,KKQ
曾口,zengkou,ZKE
左岭,zuoling,ZSN
樟木头东,zhangmutoudong,ZRQ
驻马店西,zhumadianxi,ZLN
漳浦,zhangpu,ZCS
肇庆东,zhaoqingdong,FCQ
庄桥,zhuangqiao,ZQH
钟山西,zhongshanxi,ZAZ
资阳北,ziyangbei,FYW
张掖西,zhangyexi,ZEJ
资中北,zizhongbei,WZW
涿州东,zhuozhoudong,ZAP
枣庄东,zaozhuangdong,ZNK
卓资东,zhuozidong,ZDC
郑州东,zhengzhoudong,ZAF